,Country Name,Country Code
0,United Kingdom,GBR
1,United Kingdom,GBR
2,United Kingdom,GBR
3,United Kingdom,GBR
4,United Kingdom,GBR
5,United States,USA
6,United States,USA
7,United States,USA
8,United States,USA
9,United States,USA
10,United States,USA
11,United States,USA
12,United States,USA
13,United States,USA
14,United States,USA
15,United States,USA
16,United States,USA
17,United States,USA
18,United States,USA
19,United States,USA
20,United States,USA
21,United States,USA
22,United States,USA
23,United States,USA
24,United States,USA
25,United States,USA
26,United States,USA
27,United States,USA
28,United States,USA
29,United States,USA
30,United States,USA
31,United States,USA
32,United States,USA
33,United States,USA
34,United States,USA
35,United States,USA
36,United States,USA
37,United States,USA
38,United States,USA
39,United States,USA
40,United States,USA
41,United States,USA
42,United States,USA
43,United States,USA
44,United States,USA
45,United States,USA
46,United States,USA
47,United States,USA
48,United States,USA
49,United States,USA
50,United States,USA
51,United States,USA
52,United States,USA
53,United States,USA
54,United States,USA
55,United States,USA
56,United States,USA
57,United States,USA
58,United States,USA
59,United States,USA
60,United States,USA
61,United States,USA
62,United States,USA
63,United States,USA
64,United States,USA
65,United States,USA
66,United States,USA
67,United States,USA
68,United States,USA
69,United States,USA
70,United States,USA
71,United States,USA
72,United States,USA
73,United States,USA
74,United States,USA
75,United States,USA
76,United States,USA
77,United States,USA
78,United States,USA
79,United States,USA
80,United States,USA
81,United States,USA
82,United States,USA
83,United States,USA
84,United States,USA
85,United States,USA
86,United States,USA
87,United States,USA
88,United States,USA
89,United States,USA
90,United States,USA
91,United States,USA
92,United States,USA
93,United States,USA
94,United States,USA
95,United States,USA
96,United States,USA
97,United States,USA
98,United States,USA
99,United States,USA
100,United States,USA
101,United States,USA
102,United States,USA
103,United States,USA
104,United States,USA
105,United States,USA
106,United States,USA
107,United States,USA
108,United States,USA
109,United States,USA
110,United States,USA
111,United States,USA
112,United States,USA
113,United States,USA
114,United States,USA
115,United States,USA
116,United States,USA
117,United States,USA
118,United States,USA
119,United States,USA
120,United States,USA
121,United States,USA
122,United States,USA
123,United States,USA
124,United States,USA
125,United States,USA
126,United States,USA
127,United States,USA
128,United States,USA
129,United States,USA
130,United States,USA
131,United States,USA
132,United States,USA
133,United States,USA
134,United States,USA
135,United States,USA
136,United States,USA
137,United States,USA
138,United States,USA
139,United States,USA
140,United States,USA
141,United States,USA
142,United States,USA
143,United States,USA
144,United States,USA
145,United States,USA
146,United States,USA
147,United States,USA
148,United States,USA
149,United States,USA
150,United States,USA
151,United States,USA
152,United States,USA
153,United States,USA
154,United States,USA
155,United States,USA
156,United States,USA
157,United States,USA
158,United States,USA
159,United States,USA
160,United States,USA
161,United States,USA
162,United States,USA
163,United States,USA
164,United States,USA
165,United States,USA
166,United States,USA
167,United States,USA
168,United States,USA
169,United States,USA
170,United States,USA
171,United States,USA
172,United States,USA
173,United States,USA
174,United States,USA
175,United States,USA
176,United States,USA
177,United States,USA
178,United States,USA
179,United States,USA
180,United States,USA
181,United States,USA
182,United States,USA
183,United States,USA
184,United States,USA
185,United States,USA
186,United States,USA
187,United States,USA
188,United States,USA
189,United States,USA
190,United States,USA
191,United States,USA
192,United States,USA
193,United States,USA
194,United States,USA
195,United States,USA
196,United States,USA
197,United States,USA
198,United States,USA
199,United States,USA
200,United States,USA
201,United States,USA
202,United States,USA
203,United States,USA
204,United States,USA
205,United States,USA
206,United States,USA
207,United States,USA
208,United States,USA
209,United States,USA
210,United States,USA
211,United States,USA
212,United States,USA
213,United States,USA
214,United States,USA
215,United States,USA
216,United States,USA
217,United States,USA
218,United States,USA
219,United States,USA
220,United States,USA
221,United States,USA
222,United States,USA
223,United States,USA
224,United States,USA
225,United States,USA
226,United States,USA
227,United States,USA
228,United States,USA
229,United States,USA
230,United States,USA
231,United States,USA
232,United States,USA
233,United States,USA
234,United States,USA
235,United States,USA
236,United States,USA
237,United States,USA
238,United States,USA
239,United States,USA
240,United States,USA
241,United States,USA
242,United States,USA
243,United States,USA
244,United States,USA
245,United States,USA
246,United States,USA
247,United States,USA
248,United States,USA
249,United States,USA
250,United States,USA
251,United States,USA
252,United States,USA
253,United States,USA
254,United States,USA
255,United States,USA
256,United States,USA
257,United States,USA
258,United States,USA
259,United States,USA
260,United States,USA
261,United States,USA
262,United States,USA
263,United States,USA
264,United States,USA
265,United States,USA
266,United States,USA
267,United States,USA
268,United States,USA
269,United States,USA
270,United States,USA
271,United States,USA
272,United States,USA
273,United States,USA
274,United States,USA
275,United States,USA
276,United States,USA
277,United States,USA
278,United States,USA
279,United States,USA
280,United States,USA
281,United States,USA
282,United States,USA
283,United States,USA
284,United States,USA
285,United States,USA
286,United States,USA
287,United States,USA
288,United States,USA
289,United States,USA
290,United States,USA
291,United States,USA
292,United States,USA
293,United States,USA
294,United States,USA
295,United States,USA
296,United States,USA
297,United States,USA
298,United States,USA
299,United States,USA
300,United States,USA
301,United States,USA
302,United States,USA
303,United States,USA
304,United States,USA
305,United States,USA
306,United States,USA
307,United States,USA
308,United States,USA
309,United States,USA
310,United States,USA
311,United States,USA
312,United States,USA
313,United States,USA
314,United States,USA
315,United States,USA
316,United States,USA
317,United States,USA
318,United States,USA
319,United States,USA
320,United States,USA
321,United States,USA
322,United States,USA
323,United States,USA
324,United States,USA
325,United States,USA
326,United States,USA
327,United States,USA
328,United States,USA
329,United States,USA
330,United States,USA
331,United States,USA
332,United States,USA
333,United States,USA
334,United States,USA
335,United States,USA
336,United States,USA
337,United States,USA
338,United States,USA
339,United States,USA
340,United States,USA
341,United States,USA
342,United States,USA
343,United States,USA
344,United States,USA
345,United States,USA
346,United States,USA
347,United States,USA
348,United States,USA
349,United States,USA
350,United States,USA
351,United States,USA
352,United States,USA
353,United States,USA
354,United States,USA
355,United States,USA
356,United States,USA
357,United States,USA
358,United States,USA
359,United States,USA
360,United States,USA
361,United States,USA
362,United States,USA
363,United States,USA
364,United States,USA
365,United States,USA
366,United States,USA
367,United States,USA
368,United States,USA
369,United States,USA
370,United States,USA
371,United States,USA
372,United States,USA
373,United States,USA
374,United States,USA
375,United States,USA
376,United States,USA
377,United States,USA
378,United States,USA
379,United States,USA
380,United States,USA
381,United States,USA
382,United States,USA
383,United States,USA
384,United States,USA
385,United States,USA
386,United States,USA
387,United States,USA
388,United States,USA
389,United States,USA
390,United States,USA
391,United States,USA
392,United States,USA
393,United States,USA
394,United States,USA
395,United States,USA
396,United States,USA
397,United States,USA
398,United States,USA
399,United States,USA
400,United States,USA
401,United States,USA
402,United States,USA
403,United States,USA
404,United States,USA
405,United States,USA
406,United States,USA
407,United States,USA
408,United States,USA
409,United States,USA
410,United States,USA
411,United States,USA
412,United States,USA
413,United States,USA
414,United States,USA
415,United States,USA
416,United States,USA
417,United States,USA
418,United States,USA
419,United States,USA
420,United States,USA
421,United States,USA
422,United States,USA
423,United States,USA
424,United States,USA
425,United States,USA
426,United States,USA
427,United States,USA
428,United States,USA
429,United States,USA
430,United States,USA
431,United States,USA
432,United States,USA
433,United States,USA
434,United States,USA
435,United States,USA
436,United States,USA
437,United States,USA
438,United States,USA
439,United States,USA
440,United States,USA
441,United States,USA
442,United States,USA
443,United States,USA
444,United States,USA
445,United States,USA
446,United States,USA
447,United States,USA
448,United States,USA
449,United States,USA
450,United States,USA
451,United States,USA
452,United States,USA
453,United States,USA
454,United States,USA
455,United States,USA
456,United States,USA
457,United States,USA
458,United States,USA
459,United States,USA
460,United States,USA
461,United States,USA
462,United States,USA
463,United States,USA
464,United States,USA
465,United States,USA
466,United States,USA
467,United States,USA
468,United States,USA
469,United States,USA
470,United States,USA
471,United States,USA
472,United States,USA
473,United States,USA
474,United States,USA
475,United States,USA
476,United States,USA
477,United States,USA
478,United States,USA
479,United States,USA
480,United States,USA
481,United States,USA
482,United States,USA
483,United States,USA
484,United States,USA
485,United States,USA
486,United States,USA
487,United States,USA
488,United States,USA
489,United States,USA
490,United States,USA
491,United States,USA
492,United States,USA
493,United States,USA
494,United States,USA
495,United States,USA
496,United States,USA
497,United States,USA
498,United States,USA
499,United States,USA
500,United States,USA
501,United States,USA
502,United States,USA
503,United States,USA
504,United States,USA
505,United States,USA
506,United States,USA
507,United States,USA
508,United States,USA
509,United States,USA
510,United States,USA
511,United States,USA
512,United States,USA
513,United States,USA
514,United States,USA
515,United States,USA
516,United States,USA
517,United States,USA
518,United States,USA
519,United States,USA
520,United States,USA
521,United States,USA
522,United States,USA
523,United States,USA
524,United States,USA
525,United States,USA
526,United States,USA
527,United States,USA
528,United States,USA
529,United States,USA
530,United States,USA
531,United States,USA
532,United States,USA
533,United States,USA
534,United States,USA
535,United States,USA
536,United States,USA
537,United States,USA
538,United States,USA
539,United States,USA
540,United States,USA
541,United States,USA
542,United States,USA
543,United States,USA
544,United States,USA
545,United States,USA
546,United States,USA
547,United States,USA
548,United States,USA
549,United States,USA
550,United States,USA
551,United States,USA
552,United States,USA
553,United States,USA
554,United States,USA
555,United States,USA
556,United States,USA
557,United States,USA
558,United States,USA
559,United States,USA
560,United States,USA
561,United States,USA
562,United States,USA
563,United States,USA
564,United States,USA
565,United States,USA
566,United States,USA
567,United States,USA
568,United States,USA
569,United States,USA
570,United States,USA
571,United States,USA
572,United States,USA
573,United States,USA
574,United States,USA
575,United States,USA
576,United States,USA
577,United States,USA
578,United States,USA
579,United States,USA
580,United States,USA
581,United States,USA
582,United States,USA
583,United States,USA
584,United States,USA
585,United States,USA
586,United States,USA
587,United States,USA
588,United States,USA
589,United States,USA
590,United States,USA
591,United States,USA
592,United States,USA
593,United States,USA
594,United States,USA
595,United States,USA
596,United States,USA
597,United States,USA
598,United States,USA
599,United States,USA
600,United States,USA
601,United States,USA
602,United States,USA
603,United States,USA
604,United States,USA
605,United States,USA
606,United States,USA
607,United States,USA
608,United States,USA
609,United States,USA
610,United States,USA
611,United States,USA
612,United States,USA
613,United States,USA
614,United States,USA
615,United States,USA
616,United States,USA
617,United States,USA
618,United States,USA
619,United States,USA
620,United States,USA
621,United States,USA
622,United States,USA
623,United States,USA
624,United States,USA
625,United States,USA
626,United States,USA
627,United States,USA
628,United States,USA
629,United States,USA
630,United States,USA
631,United States,USA
632,United States,USA
633,United States,USA
634,United States,USA
635,United States,USA
636,United States,USA
637,United States,USA
638,United States,USA
639,United States,USA
640,United States,USA
641,United States,USA
642,United States,USA
643,United States,USA
644,United States,USA
645,United States,USA
646,United States,USA
647,United States,USA
648,United States,USA
649,United States,USA
650,United States,USA
651,United States,USA
652,United States,USA
653,United States,USA
654,United States,USA
655,United States,USA
656,United States,USA
657,United States,USA
658,United States,USA
659,United States,USA
660,United States,USA
661,United States,USA
662,United States,USA
663,United States,USA
664,United States,USA
665,United States,USA
666,United States,USA
667,United States,USA
668,United States,USA
669,United States,USA
670,United States,USA
671,United States,USA
672,United States,USA
673,United States,USA
674,United States,USA
675,United States,USA
676,United States,USA
677,United States,USA
678,United States,USA
679,United States,USA
680,United States,USA
681,United States,USA
682,United States,USA
683,United States,USA
684,United States,USA
685,United States,USA
686,United States,USA
687,United States,USA
688,United States,USA
689,United States,USA
690,United States,USA
691,United States,USA
692,United States,USA
693,United States,USA
694,United States,USA
695,United States,USA
696,United States,USA
697,United States,USA
698,United States,USA
699,United States,USA
700,United States,USA
701,United States,USA
702,United States,USA
703,United States,USA
704,United States,USA
705,United States,USA
706,United States,USA
707,United States,USA
708,United States,USA
709,United States,USA
710,United States,USA
711,United States,USA
712,United States,USA
713,United States,USA
714,United States,USA
715,United States,USA
716,United States,USA
717,United States,USA
718,United States,USA
719,United States,USA
720,United States,USA
721,United States,USA
722,United States,USA
723,United States,USA
724,United States,USA
725,United States,USA
726,United States,USA
727,United States,USA
728,United States,USA
729,United States,USA
730,United States,USA
731,United States,USA
732,United States,USA
733,United States,USA
734,United States,USA
735,United States,USA
736,United States,USA
737,United States,USA
738,United States,USA
739,United States,USA
740,United States,USA
741,United States,USA
742,United States,USA
743,United States,USA
744,United States,USA
745,United States,USA
746,United States,USA
747,United States,USA
748,United States,USA
749,United States,USA
750,United States,USA
751,United States,USA
752,United States,USA
753,United States,USA
754,United States,USA
755,United States,USA
756,United States,USA
757,United States,USA
758,United States,USA
759,United States,USA
760,United States,USA
761,United States,USA
762,United States,USA
763,United States,USA
764,United States,USA
765,United States,USA
766,United States,USA
767,United States,USA
768,United States,USA
769,United States,USA
770,United States,USA
771,United States,USA
772,United States,USA
773,United States,USA
774,United States,USA
775,United States,USA
776,United States,USA
777,United States,USA
778,United States,USA
779,United States,USA
780,United States,USA
781,United States,USA
782,United States,USA
783,United States,USA
784,United States,USA
785,United States,USA
786,United States,USA
787,United States,USA
788,United States,USA
789,United States,USA
790,United States,USA
791,United States,USA
792,United States,USA
793,United States,USA
794,United States,USA
795,United States,USA
796,United States,USA
797,United States,USA
798,United States,USA
799,United States,USA
800,United States,USA
801,United States,USA
802,United States,USA
803,United States,USA
804,United States,USA
805,United States,USA
806,United States,USA
807,United States,USA
808,United States,USA
809,United States,USA
810,United States,USA
811,United States,USA
812,United States,USA
813,United States,USA
814,United States,USA
815,United States,USA
816,United States,USA
817,United States,USA
818,United States,USA
819,United States,USA
820,United States,USA
821,United States,USA
822,United States,USA
823,United States,USA
824,United States,USA
825,United States,USA
826,United States,USA
827,United States,USA
828,United States,USA
829,United States,USA
830,United States,USA
831,United States,USA
832,United States,USA
833,United States,USA
834,United States,USA
835,United States,USA
836,United States,USA
837,United States,USA
838,United States,USA
839,United States,USA
840,United States,USA
841,United States,USA
842,United States,USA
843,United States,USA
844,United States,USA
845,United States,USA
846,United States,USA
847,United States,USA
848,United States,USA
849,United States,USA
850,United States,USA
851,United States,USA
852,United States,USA
853,United States,USA
854,United States,USA
855,United States,USA
856,United States,USA
857,United States,USA
858,United States,USA
859,United States,USA
860,United States,USA
861,United States,USA
862,United States,USA
863,United States,USA
864,United States,USA
865,United States,USA
866,United States,USA
867,United States,USA
868,United States,USA
869,United States,USA
870,United States,USA
871,United States,USA
872,United States,USA
873,United States,USA
874,United States,USA
875,United States,USA
876,United States,USA
877,United States,USA
878,United States,USA
879,United States,USA
880,United States,USA
881,United States,USA
882,United States,USA
883,United States,USA
884,United States,USA
885,United States,USA
886,United States,USA
887,United States,USA
888,United States,USA
889,United States,USA
890,United States,USA
891,United States,USA
892,United States,USA
893,United States,USA
894,United States,USA
895,United States,USA
896,United States,USA
897,United States,USA
898,United States,USA
899,United States,USA
900,United States,USA
901,United States,USA
902,United States,USA
903,United States,USA
904,United States,USA
905,United States,USA
906,United States,USA
907,United States,USA
908,United States,USA
909,United States,USA
910,United States,USA
911,United States,USA
912,United States,USA
913,United States,USA
914,United States,USA
915,United States,USA
916,United States,USA
917,United States,USA
918,United States,USA
919,United States,USA
920,United States,USA
921,United States,USA
922,United States,USA
923,United States,USA
924,United States,USA
925,United States,USA
926,United States,USA
927,United States,USA
928,United States,USA
929,United States,USA
930,United States,USA
931,United States,USA
932,United States,USA
933,United States,USA
934,United States,USA
935,United States,USA
936,United States,USA
937,United States,USA
938,United States,USA
939,United States,USA
940,United States,USA
941,United States,USA
942,United States,USA
943,United States,USA
944,United States,USA
945,United States,USA
946,United States,USA
947,United States,USA
948,United States,USA
949,United States,USA
950,United States,USA
951,United States,USA
952,United States,USA
953,United States,USA
954,United States,USA
955,United States,USA
956,United States,USA
957,United States,USA
958,United States,USA
959,United States,USA
960,United States,USA
961,United States,USA
962,United States,USA
963,United States,USA
964,United States,USA
965,United States,USA
966,United States,USA
967,United States,USA
968,United States,USA
969,United States,USA
970,United States,USA
971,United States,USA
972,United States,USA
973,United States,USA
974,United States,USA
975,United States,USA
976,United States,USA
977,United States,USA
978,United States,USA
979,United States,USA
980,United States,USA
981,United States,USA
982,United States,USA
983,United States,USA
984,United States,USA
985,United States,USA
986,United States,USA
987,United States,USA
988,United States,USA
989,United States,USA
990,United States,USA
991,United States,USA
992,United States,USA
993,United States,USA
994,United States,USA
995,United States,USA
996,United States,USA
997,United States,USA
998,United States,USA
999,United States,USA
1000,United States,USA
1001,United States,USA
1002,United States,USA
1003,United States,USA
1004,United States,USA
1005,United States,USA
1006,United States,USA
1007,United States,USA
1008,United States,USA
1009,United States,USA
1010,United States,USA
1011,United States,USA
1012,United States,USA
1013,United States,USA
1014,United States,USA
1015,United States,USA
1016,United States,USA
1017,United States,USA
1018,United States,USA
1019,United States,USA
1020,United States,USA
1021,United States,USA
1022,United States,USA
1023,United States,USA
1024,United States,USA
1025,United States,USA
1026,United States,USA
1027,United States,USA
1028,United States,USA
1029,United States,USA
1030,United States,USA
1031,United States,USA
1032,United States,USA
1033,United States,USA
1034,United States,USA
1035,United States,USA
1036,United States,USA
1037,United States,USA
1038,United States,USA
1039,United States,USA
1040,United States,USA
1041,United States,USA
1042,United States,USA
1043,United States,USA
1044,United States,USA
1045,United States,USA
1046,United States,USA
1047,United States,USA
1048,United States,USA
1049,United States,USA
1050,United States,USA
1051,United States,USA
1052,United States,USA
1053,United States,USA
1054,United States,USA
1055,United States,USA
1056,United States,USA
1057,United States,USA
1058,United States,USA
1059,United States,USA
1060,United States,USA
1061,United States,USA
1062,United States,USA
1063,United States,USA
1064,United States,USA
1065,United States,USA
1066,United States,USA
1067,United States,USA
1068,United States,USA
1069,United States,USA
1070,United States,USA
1071,United States,USA
1072,United States,USA
1073,United States,USA
1074,United States,USA
1075,United States,USA
1076,United States,USA
1077,United States,USA
1078,United States,USA
1079,United States,USA
1080,United States,USA
1081,United States,USA
1082,United States,USA
1083,United States,USA
1084,United States,USA
1085,United States,USA
1086,United States,USA
1087,United States,USA
1088,United States,USA
1089,United States,USA
1090,United States,USA
1091,United States,USA
1092,United States,USA
1093,United States,USA
1094,United States,USA
1095,United States,USA
1096,United States,USA
1097,United States,USA
1098,United States,USA
1099,United States,USA
1100,United States,USA
1101,United States,USA
1102,United States,USA
1103,United States,USA
1104,United States,USA
1105,United States,USA
1106,United States,USA
1107,United States,USA
1108,United States,USA
1109,United States,USA
1110,United States,USA
1111,United States,USA
1112,United States,USA
1113,United States,USA
1114,United States,USA
1115,United States,USA
1116,United States,USA
1117,United States,USA
1118,United States,USA
1119,United States,USA
1120,United States,USA
1121,United States,USA
1122,United States,USA
1123,United States,USA
1124,United States,USA
1125,United States,USA
1126,United States,USA
1127,United States,USA
1128,United States,USA
1129,United States,USA
1130,United States,USA
1131,United States,USA
1132,United States,USA
1133,United States,USA
1134,United States,USA
1135,United States,USA
1136,United States,USA
1137,United States,USA
1138,United States,USA
1139,United States,USA
1140,United States,USA
1141,United States,USA
1142,United States,USA
1143,United States,USA
1144,United States,USA
1145,United States,USA
1146,United States,USA
1147,United States,USA
1148,United States,USA
1149,United States,USA
1150,United States,USA
1151,United States,USA
1152,United States,USA
1153,United States,USA
1154,United States,USA
1155,United States,USA
1156,United States,USA
1157,United States,USA
1158,United States,USA
1159,United States,USA
1160,United States,USA
1161,United States,USA
1162,United States,USA
1163,United States,USA
1164,United States,USA
1165,United States,USA
1166,United States,USA
1167,United States,USA
1168,United States,USA
1169,United States,USA
1170,United States,USA
1171,United States,USA
1172,United States,USA
1173,United States,USA
1174,United States,USA
1175,United States,USA
1176,United States,USA
1177,United States,USA
1178,United States,USA
1179,United States,USA
1180,United States,USA
1181,United States,USA
1182,United States,USA
1183,United States,USA
1184,United States,USA
1185,United States,USA
1186,United States,USA
1187,United States,USA
1188,United States,USA
1189,United States,USA
1190,United States,USA
1191,United States,USA
1192,United States,USA
1193,United States,USA
1194,United States,USA
1195,United States,USA
1196,United States,USA
1197,United States,USA
1198,United States,USA
1199,United States,USA
1200,United States,USA
1201,United States,USA
1202,United States,USA
1203,United States,USA
1204,United States,USA
1205,United States,USA
1206,United States,USA
1207,United States,USA
1208,United States,USA
1209,United States,USA
1210,United States,USA
1211,United States,USA
1212,United States,USA
1213,United States,USA
1214,United States,USA
1215,United States,USA
1216,United States,USA
1217,United States,USA
1218,United States,USA
1219,United States,USA
1220,United States,USA
1221,United States,USA
1222,United States,USA
1223,United States,USA
1224,United States,USA
1225,United States,USA
1226,United States,USA
1227,United States,USA
1228,United States,USA
1229,United States,USA
1230,United States,USA
1231,United States,USA
1232,United States,USA
1233,United States,USA
1234,United States,USA
1235,United States,USA
1236,United States,USA
1237,United States,USA
1238,United States,USA
1239,United States,USA
1240,United States,USA
1241,United States,USA
1242,United States,USA
1243,United States,USA
1244,United States,USA
1245,United States,USA
1246,United States,USA
1247,United States,USA
1248,United States,USA
1249,United States,USA
1250,United States,USA
1251,United States,USA
1252,United States,USA
1253,United States,USA
1254,United States,USA
1255,United States,USA
1256,United States,USA
1257,United States,USA
1258,United States,USA
1259,United States,USA
1260,United States,USA
1261,United States,USA
1262,United States,USA
1263,United States,USA
1264,United States,USA
1265,United States,USA
1266,United States,USA
1267,United States,USA
1268,United States,USA
1269,United States,USA
1270,United States,USA
1271,United States,USA
1272,United States,USA
1273,United States,USA
1274,United States,USA
1275,United States,USA
1276,United States,USA
1277,United States,USA
1278,United States,USA
1279,United States,USA
1280,United States,USA
1281,United States,USA
1282,United States,USA
1283,United States,USA
1284,United States,USA
1285,United States,USA
1286,United States,USA
1287,United States,USA
1288,United States,USA
1289,United States,USA
1290,United States,USA
1291,United States,USA
1292,United States,USA
1293,United States,USA
1294,United States,USA
1295,United States,USA
1296,United States,USA
1297,United States,USA
1298,United States,USA
1299,United States,USA
1300,United States,USA
1301,United States,USA
1302,United States,USA
1303,United States,USA
1304,United States,USA
1305,United States,USA
1306,United States,USA
1307,United States,USA
1308,United States,USA
1309,United States,USA
1310,United States,USA
1311,United States,USA
1312,United States,USA
1313,United States,USA
1314,United States,USA
1315,United States,USA
1316,United States,USA
1317,United States,USA
1318,United States,USA
1319,United States,USA
1320,United States,USA
1321,United States,USA
1322,United States,USA
1323,United States,USA
1324,United States,USA
1325,United States,USA
1326,United States,USA
1327,United States,USA
1328,United States,USA
1329,United States,USA
1330,United States,USA
1331,United States,USA
1332,United States,USA
1333,United States,USA
1334,United States,USA
1335,United States,USA
1336,United States,USA
1337,United States,USA
1338,United States,USA
1339,United States,USA
1340,United States,USA
1341,United States,USA
1342,United States,USA
1343,United States,USA
1344,United States,USA
1345,United States,USA
1346,United States,USA
1347,United States,USA
1348,United States,USA
1349,United States,USA
1350,United States,USA
1351,United States,USA
1352,United States,USA
1353,United States,USA
1354,United States,USA
1355,United States,USA
1356,United States,USA
1357,United States,USA
1358,United States,USA
1359,United States,USA
1360,United States,USA
1361,United States,USA
1362,United States,USA
1363,United States,USA
1364,United States,USA
1365,United States,USA
1366,United States,USA
1367,United States,USA
1368,United States,USA
1369,United States,USA
1370,United States,USA
1371,United States,USA
1372,United States,USA
1373,United States,USA
1374,United States,USA
1375,United States,USA
1376,United States,USA
1377,United States,USA
1378,United States,USA
1379,United States,USA
1380,United States,USA
1381,United States,USA
1382,United States,USA
1383,United States,USA
1384,United States,USA
1385,United States,USA
1386,United States,USA
1387,United States,USA
1388,United States,USA
1389,United States,USA
1390,United States,USA
1391,United States,USA
1392,United States,USA
1393,United States,USA
1394,United States,USA
1395,United States,USA
1396,United States,USA
1397,United States,USA
1398,United States,USA
1399,United States,USA
1400,United States,USA
1401,United States,USA
1402,United States,USA
1403,United States,USA
1404,United States,USA
1405,United States,USA
1406,United States,USA
1407,United States,USA
1408,United States,USA
1409,United States,USA
1410,United States,USA
1411,United States,USA
1412,United States,USA
1413,United States,USA
1414,United States,USA
1415,United States,USA
1416,United States,USA
1417,United States,USA
1418,United States,USA
1419,United States,USA
1420,United States,USA
1421,United States,USA
1422,United States,USA
1423,United States,USA
1424,United States,USA
1425,United States,USA
1426,United States,USA
1427,United States,USA
1428,United States,USA
1429,United States,USA
1430,United States,USA
1431,United States,USA
1432,United States,USA
1433,United States,USA
1434,United States,USA
1435,United States,USA
1436,United States,USA
1437,United States,USA
1438,United States,USA
1439,United States,USA
1440,United States,USA
1441,United States,USA
1442,United States,USA
1443,United States,USA
1444,United States,USA
1445,United States,USA
1446,United States,USA
1447,United States,USA
1448,United States,USA
1449,United States,USA
1450,United States,USA
1451,United States,USA
1452,United States,USA
1453,United States,USA
1454,United States,USA
1455,United States,USA
1456,United States,USA
1457,United States,USA
1458,United States,USA
1459,United States,USA
1460,United States,USA
1461,United States,USA
1462,United States,USA
1463,United States,USA
1464,United States,USA
1465,United States,USA
1466,United States,USA
1467,United States,USA
1468,United States,USA
1469,United States,USA
1470,United States,USA
1471,United States,USA
1472,United States,USA
1473,United States,USA
1474,United States,USA
1475,United States,USA
1476,United States,USA
1477,United States,USA
1478,United States,USA
1479,United States,USA
1480,United States,USA
1481,United States,USA
1482,United States,USA
1483,United States,USA
1484,United States,USA
1485,United States,USA
1486,United States,USA
1487,United States,USA
1488,United States,USA
1489,United States,USA
1490,United States,USA
1491,United States,USA
1492,United States,USA
1493,United States,USA
1494,United States,USA
1495,United States,USA
1496,United States,USA
1497,United States,USA
1498,United States,USA
1499,United States,USA
1500,United States,USA
1501,United States,USA
1502,United States,USA
1503,United States,USA
1504,United States,USA
1505,United States,USA
1506,United States,USA
1507,United States,USA
1508,United States,USA
1509,United States,USA
1510,United States,USA
1511,United States,USA
1512,United States,USA
1513,United States,USA
1514,United States,USA
1515,United States,USA
1516,United States,USA
1517,United States,USA
1518,United States,USA
1519,United States,USA
1520,United States,USA
1521,United States,USA
1522,United States,USA
1523,United States,USA
1524,United States,USA
1525,United States,USA
1526,United States,USA
1527,United States,USA
1528,United States,USA
1529,United States,USA
1530,United States,USA
1531,United States,USA
1532,United States,USA
1533,United States,USA
1534,United States,USA
1535,United States,USA
1536,United States,USA
1537,United States,USA
1538,United States,USA
1539,United States,USA
1540,United States,USA
1541,United States,USA
1542,United States,USA
1543,United States,USA
1544,United States,USA
1545,United States,USA
1546,United States,USA
1547,United States,USA
1548,United States,USA
1549,United States,USA
1550,United States,USA
1551,United States,USA
1552,United States,USA
1553,United States,USA
1554,United States,USA
1555,United States,USA
1556,United States,USA
1557,United States,USA
1558,United States,USA
1559,United States,USA
1560,United States,USA
1561,United States,USA
1562,United States,USA
1563,United States,USA
1564,United States,USA
1565,United States,USA
1566,United States,USA
1567,United States,USA
1568,United States,USA
1569,United States,USA
1570,United States,USA
1571,United States,USA
1572,United States,USA
1573,United States,USA
1574,United States,USA
1575,United States,USA
1576,United States,USA
1577,United States,USA
1578,United States,USA
1579,United States,USA
1580,Uruguay,URY
1581,Uruguay,URY
1582,Uruguay,URY
1583,Uruguay,URY
1584,Uruguay,URY
1585,Uruguay,URY
1586,Uruguay,URY
1587,Uruguay,URY
1588,Uruguay,URY
1589,Uruguay,URY
1590,Uruguay,URY
1591,Uruguay,URY
1592,Uruguay,URY
1593,Uruguay,URY
1594,Uruguay,URY
1595,Uruguay,URY
1596,Uruguay,URY
1597,Uruguay,URY
1598,Uruguay,URY
1599,Uruguay,URY
1600,Uruguay,URY
1601,Uruguay,URY
1602,Uruguay,URY
1603,Uruguay,URY
1604,Uruguay,URY
1605,Uruguay,URY
1606,Uruguay,URY
1607,Uruguay,URY
1608,Uruguay,URY
1609,Uruguay,URY
1610,Uruguay,URY
1611,Uruguay,URY
1612,Uruguay,URY
1613,Uruguay,URY
1614,Uruguay,URY
1615,Uruguay,URY
1616,Uruguay,URY
1617,Uruguay,URY
1618,Uruguay,URY
1619,Uruguay,URY
1620,Uruguay,URY
1621,Uruguay,URY
1622,Uruguay,URY
1623,Uruguay,URY
1624,Uruguay,URY
1625,Uruguay,URY
1626,Uruguay,URY
1627,Uruguay,URY
1628,Uruguay,URY
1629,Uruguay,URY
